"filename"	"num_pages"
"/home/blannon/og_data/financial_disclosures/PTR/2013/2002360.pdf"	2
"/home/blannon/og_data/financial_disclosures/PTR/2013/2001897.pdf"	6
"/home/blannon/og_data/financial_disclosures/PTR/2013/2003042.pdf"	2
"/home/blannon/og_data/financial_disclosures/PTR/2013/2002172.pdf"	3
"/home/blannon/og_data/financial_disclosures/PTR/2013/2002769.pdf"	1
"/home/blannon/og_data/financial_disclosures/PTR/2013/2002081.pdf"	1
"/home/blannon/og_data/financial_disclosures/PTR/2013/2001024.pdf"	4
"/home/blannon/og_data/financial_disclosures/PTR/2013/2002108.pdf"	5
"/home/blannon/og_data/financial_disclosures/PTR/2013/2002230.pdf"	1
"/home/blannon/og_data/financial_disclosures/PTR/2013/2001289.pdf"	9
"/home/blannon/og_data/financial_disclosures/PTR/2013/2002195.pdf"	1
"/home/blannon/og_data/financial_disclosures/PTR/2013/2001326.pdf"	3
"/home/blannon/og_data/financial_disclosures/PTR/2013/2002256.pdf"	1
"/home/blannon/og_data/financial_disclosures/PTR/2013/2002051.pdf"	4
"/home/blannon/og_data/financial_disclosures/PTR/2013/2001464.pdf"	6
"/home/blannon/og_data/financial_disclosures/PTR/2013/2001643.pdf"	1
"/home/blannon/og_data/financial_disclosures/PTR/2013/2002397.pdf"	2
"/home/blannon/og_data/financial_disclosures/PTR/2013/2003080.pdf"	23
"/home/blannon/og_data/financial_disclosures/PTR/2013/2003060.pdf"	1
"/home/blannon/og_data/financial_disclosures/PTR/2013/2002158.pdf"	4
"/home/blannon/og_data/financial_disclosures/PTR/2013/2001193.pdf"	1
"/home/blannon/og_data/financial_disclosures/PTR/2013/2002201.pdf"	2
"/home/blannon/og_data/financial_disclosures/PTR/2013/2002198.pdf"	1
"/home/blannon/og_data/financial_disclosures/PTR/2013/2001729.pdf"	1
"/home/blannon/og_data/financial_disclosures/PTR/2013/2002951.pdf"	1
"/home/blannon/og_data/financial_disclosures/PTR/2013/2001209.pdf"	1
"/home/blannon/og_data/financial_disclosures/PTR/2013/2002890.pdf"	1
"/home/blannon/og_data/financial_disclosures/PTR/2013/2002042.pdf"	1
"/home/blannon/og_data/financial_disclosures/PTR/2013/2001976.pdf"	3
"/home/blannon/og_data/financial_disclosures/PTR/2013/2001375.pdf"	2
"/home/blannon/og_data/financial_disclosures/PTR/2013/2002502.pdf"	1
"/home/blannon/og_data/financial_disclosures/PTR/2013/2002132.pdf"	1
"/home/blannon/og_data/financial_disclosures/PTR/2013/2002685.pdf"	1
"/home/blannon/og_data/financial_disclosures/PTR/2013/2003031.pdf"	3
"/home/blannon/og_data/financial_disclosures/PTR/2013/2002514.pdf"	1
"/home/blannon/og_data/financial_disclosures/PTR/2013/2001592.pdf"	3
"/home/blannon/og_data/financial_disclosures/PTR/2013/2001338.pdf"	2
"/home/blannon/og_data/financial_disclosures/PTR/2013/2001681.pdf"	1
"/home/blannon/og_data/financial_disclosures/PTR/2013/2001801.pdf"	2
"/home/blannon/og_data/financial_disclosures/PTR/2013/2002858.pdf"	4
"/home/blannon/og_data/financial_disclosures/PTR/2013/2003033.pdf"	1
"/home/blannon/og_data/financial_disclosures/PTR/2013/2002089.pdf"	7
"/home/blannon/og_data/financial_disclosures/PTR/2013/2002537.pdf"	1
"/home/blannon/og_data/financial_disclosures/PTR/2013/2001094.pdf"	2
"/home/blannon/og_data/financial_disclosures/PTR/2013/2002188.pdf"	1
"/home/blannon/og_data/financial_disclosures/PTR/2013/2002569.pdf"	2
"/home/blannon/og_data/financial_disclosures/PTR/2013/2002170.pdf"	1
"/home/blannon/og_data/financial_disclosures/PTR/2013/2002405.pdf"	1
"/home/blannon/og_data/financial_disclosures/PTR/2013/2002654.pdf"	1
"/home/blannon/og_data/financial_disclosures/PTR/2013/2002503.pdf"	1
"/home/blannon/og_data/financial_disclosures/PTR/2013/2002857.pdf"	3
"/home/blannon/og_data/financial_disclosures/PTR/2013/2002445.pdf"	2
"/home/blannon/og_data/financial_disclosures/PTR/2013/2002591.pdf"	1
"/home/blannon/og_data/financial_disclosures/PTR/2013/2002034.pdf"	2
"/home/blannon/og_data/financial_disclosures/PTR/2013/2001950.pdf"	2
"/home/blannon/og_data/financial_disclosures/PTR/2013/2001952.pdf"	1
"/home/blannon/og_data/financial_disclosures/PTR/2013/2002032.pdf"	1
"/home/blannon/og_data/financial_disclosures/PTR/2013/2002840.pdf"	1
"/home/blannon/og_data/financial_disclosures/PTR/2013/2002961.pdf"	13
"/home/blannon/og_data/financial_disclosures/PTR/2013/2001421.pdf"	8
"/home/blannon/og_data/financial_disclosures/PTR/2013/2002292.pdf"	2
"/home/blannon/og_data/financial_disclosures/PTR/2013/2002567.pdf"	6
"/home/blannon/og_data/financial_disclosures/PTR/2013/2003058.pdf"	1
"/home/blannon/og_data/financial_disclosures/PTR/2013/2000989.pdf"	3
"/home/blannon/og_data/financial_disclosures/PTR/2013/2002920.pdf"	2
"/home/blannon/og_data/financial_disclosures/PTR/2013/2002163.pdf"	1
"/home/blannon/og_data/financial_disclosures/PTR/2013/2002138.pdf"	3
"/home/blannon/og_data/financial_disclosures/PTR/2013/2003069.pdf"	1
"/home/blannon/og_data/financial_disclosures/PTR/2013/2002708.pdf"	1
"/home/blannon/og_data/financial_disclosures/PTR/2013/2002019.pdf"	1
"/home/blannon/og_data/financial_disclosures/PTR/2013/2001996.pdf"	1
"/home/blannon/og_data/financial_disclosures/PTR/2013/2002815.pdf"	2
"/home/blannon/og_data/financial_disclosures/PTR/2013/2001730.pdf"	2
"/home/blannon/og_data/financial_disclosures/PTR/2013/2002855.pdf"	1
"/home/blannon/og_data/financial_disclosures/PTR/2013/2003086.pdf"	1
"/home/blannon/og_data/financial_disclosures/PTR/2013/2001258.pdf"	1
"/home/blannon/og_data/financial_disclosures/PTR/2013/2001765.pdf"	7
"/home/blannon/og_data/financial_disclosures/PTR/2013/2002365.pdf"	1
"/home/blannon/og_data/financial_disclosures/PTR/2013/2001866.pdf"	2
"/home/blannon/og_data/financial_disclosures/PTR/2013/2002371.pdf"	1
"/home/blannon/og_data/financial_disclosures/PTR/2013/2000820.pdf"	2
"/home/blannon/og_data/financial_disclosures/PTR/2013/2001142.pdf"	1
"/home/blannon/og_data/financial_disclosures/PTR/2013/2002868.pdf"	2
"/home/blannon/og_data/financial_disclosures/PTR/2013/2002301.pdf"	1
"/home/blannon/og_data/financial_disclosures/PTR/2013/2002109.pdf"	3
"/home/blannon/og_data/financial_disclosures/PTR/2013/2001145.pdf"	1
"/home/blannon/og_data/financial_disclosures/PTR/2013/2002505.pdf"	8
"/home/blannon/og_data/financial_disclosures/PTR/2013/2001573.pdf"	2
"/home/blannon/og_data/financial_disclosures/PTR/2013/2002382.pdf"	2
"/home/blannon/og_data/financial_disclosures/PTR/2013/2000931.pdf"	1
"/home/blannon/og_data/financial_disclosures/PTR/2013/2002883.pdf"	3
"/home/blannon/og_data/financial_disclosures/PTR/2013/2001339.pdf"	1
"/home/blannon/og_data/financial_disclosures/PTR/2013/2001075.pdf"	3
"/home/blannon/og_data/financial_disclosures/PTR/2013/2002618.pdf"	5
"/home/blannon/og_data/financial_disclosures/PTR/2013/2001977.pdf"	2
"/home/blannon/og_data/financial_disclosures/PTR/2013/2001304.pdf"	1
"/home/blannon/og_data/financial_disclosures/PTR/2013/2002097.pdf"	1
"/home/blannon/og_data/financial_disclosures/PTR/2013/2001853.pdf"	1
"/home/blannon/og_data/financial_disclosures/PTR/2013/2001695.pdf"	2
"/home/blannon/og_data/financial_disclosures/PTR/2013/2001768.pdf"	2
"/home/blannon/og_data/financial_disclosures/PTR/2013/2002228.pdf"	2
"/home/blannon/og_data/financial_disclosures/PTR/2013/2001980.pdf"	2
"/home/blannon/og_data/financial_disclosures/PTR/2013/2001693.pdf"	4
"/home/blannon/og_data/financial_disclosures/PTR/2013/2001912.pdf"	2
"/home/blannon/og_data/financial_disclosures/PTR/2013/2001946.pdf"	1
"/home/blannon/og_data/financial_disclosures/PTR/2013/2001685.pdf"	1
"/home/blannon/og_data/financial_disclosures/PTR/2013/2001041.pdf"	1
"/home/blannon/og_data/financial_disclosures/PTR/2013/2002004.pdf"	1
"/home/blannon/og_data/financial_disclosures/PTR/2013/2002470.pdf"	1
"/home/blannon/og_data/financial_disclosures/PTR/2013/2001072.pdf"	1
"/home/blannon/og_data/financial_disclosures/PTR/2013/2001293.pdf"	1
"/home/blannon/og_data/financial_disclosures/PTR/2013/2002740.pdf"	23
"/home/blannon/og_data/financial_disclosures/PTR/2013/2002074.pdf"	1
"/home/blannon/og_data/financial_disclosures/PTR/2013/2000838.pdf"	1
"/home/blannon/og_data/financial_disclosures/PTR/2013/2002240.pdf"	2
"/home/blannon/og_data/financial_disclosures/PTR/2013/2002853.pdf"	1
"/home/blannon/og_data/financial_disclosures/PTR/2013/2002689.pdf"	14
"/home/blannon/og_data/financial_disclosures/PTR/2013/2002363.pdf"	1
"/home/blannon/og_data/financial_disclosures/PTR/2013/2001107.pdf"	6
"/home/blannon/og_data/financial_disclosures/PTR/2013/2002246.pdf"	3
"/home/blannon/og_data/financial_disclosures/PTR/2013/2001787.pdf"	3
"/home/blannon/og_data/financial_disclosures/PTR/2013/2002962.pdf"	3
"/home/blannon/og_data/financial_disclosures/PTR/2013/2002907.pdf"	1
"/home/blannon/og_data/financial_disclosures/PTR/2013/2002133.pdf"	1
"/home/blannon/og_data/financial_disclosures/PTR/2013/2003025.pdf"	1
"/home/blannon/og_data/financial_disclosures/PTR/2013/2002196.pdf"	1
"/home/blannon/og_data/financial_disclosures/PTR/2013/2001348.pdf"	1
"/home/blannon/og_data/financial_disclosures/PTR/2013/2001646.pdf"	2
"/home/blannon/og_data/financial_disclosures/PTR/2013/2002877.pdf"	13
"/home/blannon/og_data/financial_disclosures/PTR/2013/2001933.pdf"	2
"/home/blannon/og_data/financial_disclosures/PTR/2013/2002294.pdf"	3
"/home/blannon/og_data/financial_disclosures/PTR/2013/2000983.pdf"	2
"/home/blannon/og_data/financial_disclosures/PTR/2013/2002970.pdf"	1
"/home/blannon/og_data/financial_disclosures/PTR/2013/2001165.pdf"	4
"/home/blannon/og_data/financial_disclosures/PTR/2013/2000941.pdf"	4
"/home/blannon/og_data/financial_disclosures/PTR/2013/2001508.pdf"	3
"/home/blannon/og_data/financial_disclosures/PTR/2013/2001997.pdf"	3
"/home/blannon/og_data/financial_disclosures/PTR/2013/2001130.pdf"	3
"/home/blannon/og_data/financial_disclosures/PTR/2013/2002098.pdf"	1
"/home/blannon/og_data/financial_disclosures/PTR/2013/2001205.pdf"	2
"/home/blannon/og_data/financial_disclosures/PTR/2013/2002908.pdf"	1
"/home/blannon/og_data/financial_disclosures/PTR/2013/2002638.pdf"	1
"/home/blannon/og_data/financial_disclosures/PTR/2013/2002643.pdf"	4
"/home/blannon/og_data/financial_disclosures/PTR/2013/2001835.pdf"	2
"/home/blannon/og_data/financial_disclosures/PTR/2013/2002061.pdf"	1
"/home/blannon/og_data/financial_disclosures/PTR/2013/2001677.pdf"	1
"/home/blannon/og_data/financial_disclosures/PTR/2013/2002573.pdf"	1
"/home/blannon/og_data/financial_disclosures/PTR/2013/2001207.pdf"	25
"/home/blannon/og_data/financial_disclosures/PTR/2013/2000911.pdf"	6
"/home/blannon/og_data/financial_disclosures/PTR/2013/2001249.pdf"	1
"/home/blannon/og_data/financial_disclosures/PTR/2013/2002842.pdf"	1
"/home/blannon/og_data/financial_disclosures/PTR/2013/2001324.pdf"	6
"/home/blannon/og_data/financial_disclosures/PTR/2013/2001533.pdf"	3
"/home/blannon/og_data/financial_disclosures/PTR/2013/2002467.pdf"	2
"/home/blannon/og_data/financial_disclosures/PTR/2013/2002273.pdf"	1
"/home/blannon/og_data/financial_disclosures/PTR/2013/2002632.pdf"	1
"/home/blannon/og_data/financial_disclosures/PTR/2013/2001436.pdf"	1
"/home/blannon/og_data/financial_disclosures/PTR/2013/2002324.pdf"	2
"/home/blannon/og_data/financial_disclosures/PTR/2013/2001906.pdf"	1
"/home/blannon/og_data/financial_disclosures/PTR/2013/2001148.pdf"	2
"/home/blannon/og_data/financial_disclosures/PTR/2013/2001259.pdf"	1
"/home/blannon/og_data/financial_disclosures/PTR/2013/2003028.pdf"	1
"/home/blannon/og_data/financial_disclosures/PTR/2013/2002983.pdf"	12
"/home/blannon/og_data/financial_disclosures/PTR/2013/2001155.pdf"	2
"/home/blannon/og_data/financial_disclosures/PTR/2013/2000835.pdf"	1
"/home/blannon/og_data/financial_disclosures/PTR/2013/2003048.pdf"	1
"/home/blannon/og_data/financial_disclosures/PTR/2013/2001931.pdf"	7
"/home/blannon/og_data/financial_disclosures/PTR/2013/2002929.pdf"	3
"/home/blannon/og_data/financial_disclosures/PTR/2013/2001401.pdf"	2
"/home/blannon/og_data/financial_disclosures/PTR/2013/2002041.pdf"	1
"/home/blannon/og_data/financial_disclosures/PTR/2013/2000891.pdf"	3
"/home/blannon/og_data/financial_disclosures/PTR/2013/2000878.pdf"	13
"/home/blannon/og_data/financial_disclosures/PTR/2013/2002249.pdf"	6
"/home/blannon/og_data/financial_disclosures/PTR/2013/2000918.pdf"	1
"/home/blannon/og_data/financial_disclosures/PTR/2013/2001527.pdf"	6
"/home/blannon/og_data/financial_disclosures/PTR/2013/2002606.pdf"	1
"/home/blannon/og_data/financial_disclosures/PTR/2013/2002703.pdf"	2
"/home/blannon/og_data/financial_disclosures/PTR/2013/2002827.pdf"	3
"/home/blannon/og_data/financial_disclosures/PTR/2013/2000963.pdf"	2
"/home/blannon/og_data/financial_disclosures/PTR/2013/2001964.pdf"	2
"/home/blannon/og_data/financial_disclosures/PTR/2013/2001219.pdf"	1
"/home/blannon/og_data/financial_disclosures/PTR/2013/2002545.pdf"	1
"/home/blannon/og_data/financial_disclosures/PTR/2013/2002375.pdf"	2
"/home/blannon/og_data/financial_disclosures/PTR/2013/2002979.pdf"	1
"/home/blannon/og_data/financial_disclosures/PTR/2013/2001106.pdf"	7
"/home/blannon/og_data/financial_disclosures/PTR/2013/2002437.pdf"	3
"/home/blannon/og_data/financial_disclosures/PTR/2013/2002387.pdf"	2
"/home/blannon/og_data/financial_disclosures/PTR/2013/2001700.pdf"	2
"/home/blannon/og_data/financial_disclosures/PTR/2013/2001772.pdf"	1
"/home/blannon/og_data/financial_disclosures/PTR/2013/2001886.pdf"	2
"/home/blannon/og_data/financial_disclosures/PTR/2013/2001534.pdf"	4
"/home/blannon/og_data/financial_disclosures/PTR/2013/2001288.pdf"	1
"/home/blannon/og_data/financial_disclosures/PTR/2013/2001100.pdf"	2
"/home/blannon/og_data/financial_disclosures/PTR/2013/2001903.pdf"	1
"/home/blannon/og_data/financial_disclosures/PTR/2013/2002749.pdf"	1
"/home/blannon/og_data/financial_disclosures/PTR/2013/2002267.pdf"	1
"/home/blannon/og_data/financial_disclosures/PTR/2013/2002192.pdf"	1
"/home/blannon/og_data/financial_disclosures/PTR/2013/2002566.pdf"	4
"/home/blannon/og_data/financial_disclosures/PTR/2013/2001453.pdf"	2
"/home/blannon/og_data/financial_disclosures/PTR/2013/2001702.pdf"	1
"/home/blannon/og_data/financial_disclosures/PTR/2013/2001431.pdf"	2
"/home/blannon/og_data/financial_disclosures/PTR/2013/2000936.pdf"	1
"/home/blannon/og_data/financial_disclosures/PTR/2013/2001356.pdf"	2
"/home/blannon/og_data/financial_disclosures/PTR/2013/2001301.pdf"	2
"/home/blannon/og_data/financial_disclosures/PTR/2013/2001011.pdf"	2
"/home/blannon/og_data/financial_disclosures/PTR/2013/2002900.pdf"	2
"/home/blannon/og_data/financial_disclosures/PTR/2013/2001461.pdf"	1
"/home/blannon/og_data/financial_disclosures/PTR/2013/2001998.pdf"	13
"/home/blannon/og_data/financial_disclosures/PTR/2013/2003140.pdf"	1
"/home/blannon/og_data/financial_disclosures/PTR/2013/2002224.pdf"	5
"/home/blannon/og_data/financial_disclosures/PTR/2013/2000950.pdf"	1
"/home/blannon/og_data/financial_disclosures/PTR/2013/2003056.pdf"	5
"/home/blannon/og_data/financial_disclosures/PTR/2013/2002757.pdf"	1
"/home/blannon/og_data/financial_disclosures/PTR/2013/2001222.pdf"	2
"/home/blannon/og_data/financial_disclosures/PTR/2013/2001786.pdf"	4
"/home/blannon/og_data/financial_disclosures/PTR/2013/2001105.pdf"	15
"/home/blannon/og_data/financial_disclosures/PTR/2013/2002639.pdf"	1
"/home/blannon/og_data/financial_disclosures/PTR/2013/2002825.pdf"	4
"/home/blannon/og_data/financial_disclosures/PTR/2013/2001144.pdf"	1
"/home/blannon/og_data/financial_disclosures/PTR/2013/2002624.pdf"	1
"/home/blannon/og_data/financial_disclosures/PTR/2013/2002317.pdf"	5
"/home/blannon/og_data/financial_disclosures/PTR/2013/2002772.pdf"	9
"/home/blannon/og_data/financial_disclosures/PTR/2013/2002964.pdf"	1
"/home/blannon/og_data/financial_disclosures/PTR/2013/2002052.pdf"	19
"/home/blannon/og_data/financial_disclosures/PTR/2013/2002508.pdf"	3
"/home/blannon/og_data/financial_disclosures/PTR/2013/2002637.pdf"	1
"/home/blannon/og_data/financial_disclosures/PTR/2013/2003066.pdf"	1
"/home/blannon/og_data/financial_disclosures/PTR/2013/2003045.pdf"	1
"/home/blannon/og_data/financial_disclosures/PTR/2013/2002197.pdf"	1
"/home/blannon/og_data/financial_disclosures/PTR/2013/2001701.pdf"	1
"/home/blannon/og_data/financial_disclosures/PTR/2013/2001762.pdf"	3
"/home/blannon/og_data/financial_disclosures/PTR/2013/2002316.pdf"	3
"/home/blannon/og_data/financial_disclosures/PTR/2013/2002846.pdf"	1
"/home/blannon/og_data/financial_disclosures/PTR/2013/2002484.pdf"	2
"/home/blannon/og_data/financial_disclosures/PTR/2013/2001262.pdf"	14
"/home/blannon/og_data/financial_disclosures/PTR/2013/2002362.pdf"	25
"/home/blannon/og_data/financial_disclosures/PTR/2013/2003051.pdf"	3
"/home/blannon/og_data/financial_disclosures/PTR/2013/2000937.pdf"	1
"/home/blannon/og_data/financial_disclosures/PTR/2013/2002024.pdf"	2
"/home/blannon/og_data/financial_disclosures/PTR/2013/2002854.pdf"	1
"/home/blannon/og_data/financial_disclosures/PTR/2013/2001520.pdf"	1
"/home/blannon/og_data/financial_disclosures/PTR/2013/2001327.pdf"	3
"/home/blannon/og_data/financial_disclosures/PTR/2013/2000956.pdf"	2
"/home/blannon/og_data/financial_disclosures/PTR/2013/2002626.pdf"	1
"/home/blannon/og_data/financial_disclosures/PTR/2013/2002513.pdf"	11
"/home/blannon/og_data/financial_disclosures/PTR/2013/2002280.pdf"	1
"/home/blannon/og_data/financial_disclosures/PTR/2013/2001873.pdf"	1
"/home/blannon/og_data/financial_disclosures/PTR/2013/2000930.pdf"	1
"/home/blannon/og_data/financial_disclosures/PTR/2013/2002110.pdf"	4
"/home/blannon/og_data/financial_disclosures/PTR/2013/2001388.pdf"	3
"/home/blannon/og_data/financial_disclosures/PTR/2013/2002789.pdf"	1
"/home/blannon/og_data/financial_disclosures/PTR/2013/2001444.pdf"	3
"/home/blannon/og_data/financial_disclosures/PTR/2013/2002898.pdf"	2
"/home/blannon/og_data/financial_disclosures/PTR/2013/2002235.pdf"	2
"/home/blannon/og_data/financial_disclosures/PTR/2013/2002824.pdf"	1
"/home/blannon/og_data/financial_disclosures/PTR/2013/2002641.pdf"	3
"/home/blannon/og_data/financial_disclosures/PTR/2013/2001516.pdf"	3
"/home/blannon/og_data/financial_disclosures/PTR/2013/2001150.pdf"	2
"/home/blannon/og_data/financial_disclosures/PTR/2013/2001790.pdf"	1
"/home/blannon/og_data/financial_disclosures/PTR/2013/2001108.pdf"	1
"/home/blannon/og_data/financial_disclosures/PTR/2013/2002314.pdf"	5
"/home/blannon/og_data/financial_disclosures/PTR/2013/2002070.pdf"	2
"/home/blannon/og_data/financial_disclosures/PTR/2013/2001524.pdf"	2
"/home/blannon/og_data/financial_disclosures/PTR/2013/2000890.pdf"	2
"/home/blannon/og_data/financial_disclosures/PTR/2013/2002490.pdf"	2
"/home/blannon/og_data/financial_disclosures/PTR/2013/2002379.pdf"	1
"/home/blannon/og_data/financial_disclosures/PTR/2013/2001937.pdf"	3
"/home/blannon/og_data/financial_disclosures/PTR/2013/2002357.pdf"	7
"/home/blannon/og_data/financial_disclosures/PTR/2013/2003068.pdf"	3
"/home/blannon/og_data/financial_disclosures/PTR/2013/2001863.pdf"	2
"/home/blannon/og_data/financial_disclosures/PTR/2013/2001954.pdf"	2
"/home/blannon/og_data/financial_disclosures/PTR/2013/2000843.pdf"	9
"/home/blannon/og_data/financial_disclosures/PTR/2013/2003030.pdf"	2
"/home/blannon/og_data/financial_disclosures/PTR/2013/2002300.pdf"	4
"/home/blannon/og_data/financial_disclosures/PTR/2013/2001359.pdf"	3
"/home/blannon/og_data/financial_disclosures/PTR/2013/2002976.pdf"	2
"/home/blannon/og_data/financial_disclosures/PTR/2013/2002662.pdf"	1
"/home/blannon/og_data/financial_disclosures/PTR/2013/2002485.pdf"	4
"/home/blannon/og_data/financial_disclosures/PTR/2013/2001720.pdf"	1
"/home/blannon/og_data/financial_disclosures/PTR/2013/2002193.pdf"	1
"/home/blannon/og_data/financial_disclosures/PTR/2013/2002887.pdf"	1
"/home/blannon/og_data/financial_disclosures/PTR/2013/2001784.pdf"	2
"/home/blannon/og_data/financial_disclosures/PTR/2013/2002238.pdf"	1
"/home/blannon/og_data/financial_disclosures/PTR/2013/2001254.pdf"	3
"/home/blannon/og_data/financial_disclosures/PTR/2013/2002425.pdf"	3
"/home/blannon/og_data/financial_disclosures/PTR/2013/2001350.pdf"	2
"/home/blannon/og_data/financial_disclosures/PTR/2013/2003141.pdf"	4
"/home/blannon/og_data/financial_disclosures/PTR/2013/2002615.pdf"	1
"/home/blannon/og_data/financial_disclosures/PTR/2013/2001208.pdf"	1
"/home/blannon/og_data/financial_disclosures/PTR/2013/2002115.pdf"	2
"/home/blannon/og_data/financial_disclosures/PTR/2013/2002356.pdf"	2
"/home/blannon/og_data/financial_disclosures/PTR/2013/2002396.pdf"	2
"/home/blannon/og_data/financial_disclosures/PTR/2013/2002578.pdf"	1
"/home/blannon/og_data/financial_disclosures/PTR/2013/2001335.pdf"	2
"/home/blannon/og_data/financial_disclosures/PTR/2013/2002491.pdf"	2
"/home/blannon/og_data/financial_disclosures/PTR/2013/2002530.pdf"	1
"/home/blannon/og_data/financial_disclosures/PTR/2013/2002129.pdf"	6
"/home/blannon/og_data/financial_disclosures/PTR/2013/2002995.pdf"	1
"/home/blannon/og_data/financial_disclosures/PTR/2013/2001580.pdf"	1
"/home/blannon/og_data/financial_disclosures/PTR/2013/2000955.pdf"	2
"/home/blannon/og_data/financial_disclosures/PTR/2013/2001862.pdf"	2
"/home/blannon/og_data/financial_disclosures/PTR/2013/2000909.pdf"	1
"/home/blannon/og_data/financial_disclosures/PTR/2013/2001990.pdf"	2
"/home/blannon/og_data/financial_disclosures/PTR/2013/2001916.pdf"	13
"/home/blannon/og_data/financial_disclosures/PTR/2013/2002275.pdf"	2
"/home/blannon/og_data/financial_disclosures/PTR/2013/2001063.pdf"	1
"/home/blannon/og_data/financial_disclosures/PTR/2013/2003000.pdf"	1
"/home/blannon/og_data/financial_disclosures/PTR/2013/2000826.pdf"	1
"/home/blannon/og_data/financial_disclosures/PTR/2013/2001789.pdf"	2
"/home/blannon/og_data/financial_disclosures/PTR/2013/2002602.pdf"	1
"/home/blannon/og_data/financial_disclosures/PTR/2013/2001780.pdf"	3
"/home/blannon/og_data/financial_disclosures/PTR/2013/2002162.pdf"	1
"/home/blannon/og_data/financial_disclosures/PTR/2013/2002453.pdf"	4
"/home/blannon/og_data/financial_disclosures/PTR/2013/2002764.pdf"	1
"/home/blannon/og_data/financial_disclosures/PTR/2013/2002640.pdf"	2
"/home/blannon/og_data/financial_disclosures/PTR/2013/2002756.pdf"	1
"/home/blannon/og_data/financial_disclosures/PTR/2013/2002634.pdf"	1
"/home/blannon/og_data/financial_disclosures/PTR/2013/2001938.pdf"	5
"/home/blannon/og_data/financial_disclosures/PTR/2013/2002413.pdf"	1
"/home/blannon/og_data/financial_disclosures/PTR/2013/2000974.pdf"	1
"/home/blannon/og_data/financial_disclosures/PTR/2013/2002738.pdf"	2
"/home/blannon/og_data/financial_disclosures/PTR/2013/2001678.pdf"	1
"/home/blannon/og_data/financial_disclosures/PTR/2013/2001864.pdf"	12
"/home/blannon/og_data/financial_disclosures/PTR/2013/2002486.pdf"	1
"/home/blannon/og_data/financial_disclosures/PTR/2013/2001851.pdf"	1
"/home/blannon/og_data/financial_disclosures/PTR/2013/2002775.pdf"	1
"/home/blannon/og_data/financial_disclosures/PTR/2013/2000975.pdf"	2
"/home/blannon/og_data/financial_disclosures/PTR/2013/2000850.pdf"	3
"/home/blannon/og_data/financial_disclosures/PTR/2013/2002148.pdf"	1
"/home/blannon/og_data/financial_disclosures/PTR/2013/2001872.pdf"	2
"/home/blannon/og_data/financial_disclosures/PTR/2013/2002189.pdf"	1
"/home/blannon/og_data/financial_disclosures/PTR/2013/2002826.pdf"	2
"/home/blannon/og_data/financial_disclosures/PTR/2013/2001147.pdf"	1
"/home/blannon/og_data/financial_disclosures/PTR/2013/2002297.pdf"	3
"/home/blannon/og_data/financial_disclosures/PTR/2013/2001146.pdf"	1
"/home/blannon/og_data/financial_disclosures/PTR/2013/2002012.pdf"	3
"/home/blannon/og_data/financial_disclosures/PTR/2013/2003009.pdf"	3
"/home/blannon/og_data/financial_disclosures/PTR/2013/2000933.pdf"	1
"/home/blannon/og_data/financial_disclosures/PTR/2013/2002358.pdf"	1
"/home/blannon/og_data/financial_disclosures/PTR/2013/2001424.pdf"	1
"/home/blannon/og_data/financial_disclosures/PTR/2013/2002429.pdf"	1
"/home/blannon/og_data/financial_disclosures/PTR/2013/2002695.pdf"	1
"/home/blannon/og_data/financial_disclosures/PTR/2013/2001154.pdf"	2
"/home/blannon/og_data/financial_disclosures/PTR/2013/2002807.pdf"	2
"/home/blannon/og_data/financial_disclosures/PTR/2013/2002093.pdf"	1
"/home/blannon/og_data/financial_disclosures/PTR/2013/2002859.pdf"	2
"/home/blannon/og_data/financial_disclosures/PTR/2013/2002608.pdf"	1
"/home/blannon/og_data/financial_disclosures/PTR/2013/2002816.pdf"	1
"/home/blannon/og_data/financial_disclosures/PTR/2013/2001306.pdf"	1
"/home/blannon/og_data/financial_disclosures/PTR/2013/2002149.pdf"	1
"/home/blannon/og_data/financial_disclosures/PTR/2013/2000943.pdf"	1
"/home/blannon/og_data/financial_disclosures/PTR/2013/2000916.pdf"	15
"/home/blannon/og_data/financial_disclosures/PTR/2013/2002724.pdf"	1
"/home/blannon/og_data/financial_disclosures/PTR/2013/2000957.pdf"	3
"/home/blannon/og_data/financial_disclosures/PTR/2013/2000945.pdf"	1
"/home/blannon/og_data/financial_disclosures/PTR/2013/2001941.pdf"	4
"/home/blannon/og_data/financial_disclosures/PTR/2013/2002698.pdf"	1
"/home/blannon/og_data/financial_disclosures/PTR/2013/2002658.pdf"	2
"/home/blannon/og_data/financial_disclosures/PTR/2013/2001068.pdf"	2
"/home/blannon/og_data/financial_disclosures/PTR/2013/2002285.pdf"	11
"/home/blannon/og_data/financial_disclosures/PTR/2013/2002472.pdf"	2
"/home/blannon/og_data/financial_disclosures/PTR/2013/2002700.pdf"	2
"/home/blannon/og_data/financial_disclosures/PTR/2013/2002428.pdf"	1
"/home/blannon/og_data/financial_disclosures/PTR/2013/2002315.pdf"	7
"/home/blannon/og_data/financial_disclosures/PTR/2013/2002391.pdf"	3
"/home/blannon/og_data/financial_disclosures/PTR/2013/2002008.pdf"	1
"/home/blannon/og_data/financial_disclosures/PTR/2013/2002007.pdf"	5
"/home/blannon/og_data/financial_disclosures/PTR/2013/2002978.pdf"	1
"/home/blannon/og_data/financial_disclosures/PTR/2013/2002053.pdf"	5
"/home/blannon/og_data/financial_disclosures/PTR/2013/2002653.pdf"	15
"/home/blannon/og_data/financial_disclosures/PTR/2013/2002002.pdf"	4
"/home/blannon/og_data/financial_disclosures/PTR/2013/2002389.pdf"	2
"/home/blannon/og_data/financial_disclosures/PTR/2013/2002667.pdf"	3
"/home/blannon/og_data/financial_disclosures/PTR/2013/2002035.pdf"	8
"/home/blannon/og_data/financial_disclosures/PTR/2013/2001565.pdf"	1
"/home/blannon/og_data/financial_disclosures/PTR/2013/2002647.pdf"	1
"/home/blannon/og_data/financial_disclosures/PTR/2013/2001934.pdf"	2
"/home/blannon/og_data/financial_disclosures/PTR/2013/2001572.pdf"	2
"/home/blannon/og_data/financial_disclosures/PTR/2013/2002367.pdf"	1
"/home/blannon/og_data/financial_disclosures/PTR/2013/2001895.pdf"	1
"/home/blannon/og_data/financial_disclosures/PTR/2013/2002994.pdf"	1
"/home/blannon/og_data/financial_disclosures/PTR/2013/2002595.pdf"	12
"/home/blannon/og_data/financial_disclosures/PTR/2013/2002844.pdf"	9
"/home/blannon/og_data/financial_disclosures/PTR/2013/2001525.pdf"	1
"/home/blannon/og_data/financial_disclosures/PTR/2013/2002118.pdf"	1
"/home/blannon/og_data/financial_disclosures/PTR/2013/2001317.pdf"	2
"/home/blannon/og_data/financial_disclosures/PTR/2013/2002960.pdf"	2
"/home/blannon/og_data/financial_disclosures/PTR/2013/2001365.pdf"	4
"/home/blannon/og_data/financial_disclosures/PTR/2013/2002892.pdf"	4
"/home/blannon/og_data/financial_disclosures/PTR/2013/2001474.pdf"	1
"/home/blannon/og_data/financial_disclosures/PTR/2013/2003004.pdf"	1
"/home/blannon/og_data/financial_disclosures/PTR/2013/2002614.pdf"	2
"/home/blannon/og_data/financial_disclosures/PTR/2013/2001544.pdf"	3
"/home/blannon/og_data/financial_disclosures/PTR/2013/2001929.pdf"	2
"/home/blannon/og_data/financial_disclosures/PTR/2013/2002590.pdf"	1
"/home/blannon/og_data/financial_disclosures/PTR/2013/2001434.pdf"	2
"/home/blannon/og_data/financial_disclosures/PTR/2013/2002016.pdf"	2
"/home/blannon/og_data/financial_disclosures/PTR/2013/2002187.pdf"	1
"/home/blannon/og_data/financial_disclosures/PTR/2013/2002090.pdf"	1
"/home/blannon/og_data/financial_disclosures/PTR/2013/2002194.pdf"	2
"/home/blannon/og_data/financial_disclosures/PTR/2013/2003029.pdf"	1
"/home/blannon/og_data/financial_disclosures/PTR/2013/2003011.pdf"	3
"/home/blannon/og_data/financial_disclosures/PTR/2013/2002322.pdf"	3
"/home/blannon/og_data/financial_disclosures/PTR/2013/2000846.pdf"	1
"/home/blannon/og_data/financial_disclosures/PTR/2013/2001346.pdf"	1
"/home/blannon/og_data/financial_disclosures/PTR/2013/2002068.pdf"	7
"/home/blannon/og_data/financial_disclosures/PTR/2013/2001698.pdf"	2
"/home/blannon/og_data/financial_disclosures/PTR/2013/2001679.pdf"	1
"/home/blannon/og_data/financial_disclosures/PTR/2013/2000953.pdf"	1
"/home/blannon/og_data/financial_disclosures/PTR/2013/2003133.pdf"	2
"/home/blannon/og_data/financial_disclosures/PTR/2013/2002831.pdf"	1
"/home/blannon/og_data/financial_disclosures/PTR/2013/2002466.pdf"	1
"/home/blannon/og_data/financial_disclosures/PTR/2013/2001803.pdf"	1
"/home/blannon/og_data/financial_disclosures/PTR/2013/2001719.pdf"	2
"/home/blannon/og_data/financial_disclosures/PTR/2013/2002664.pdf"	14
"/home/blannon/og_data/financial_disclosures/PTR/2013/2001357.pdf"	2
"/home/blannon/og_data/financial_disclosures/PTR/2013/2002146.pdf"	1
"/home/blannon/og_data/financial_disclosures/PTR/2013/2002430.pdf"	1
"/home/blannon/og_data/financial_disclosures/PTR/2013/2002861.pdf"	5
"/home/blannon/og_data/financial_disclosures/PTR/2013/2001935.pdf"	2
"/home/blannon/og_data/financial_disclosures/PTR/2013/2000929.pdf"	1
"/home/blannon/og_data/financial_disclosures/PTR/2013/2001336.pdf"	1
"/home/blannon/og_data/financial_disclosures/PTR/2013/2002130.pdf"	1
"/home/blannon/og_data/financial_disclosures/PTR/2013/2003032.pdf"	8
"/home/blannon/og_data/financial_disclosures/PTR/2013/2001325.pdf"	1
"/home/blannon/og_data/financial_disclosures/PTR/2013/2002611.pdf"	1
"/home/blannon/og_data/financial_disclosures/PTR/2013/2001373.pdf"	2
"/home/blannon/og_data/financial_disclosures/PTR/2013/2002399.pdf"	6
"/home/blannon/og_data/financial_disclosures/PTR/2013/2001355.pdf"	1
"/home/blannon/og_data/financial_disclosures/PTR/2013/2001714.pdf"	1
"/home/blannon/og_data/financial_disclosures/PTR/2013/2001839.pdf"	1
"/home/blannon/og_data/financial_disclosures/PTR/2013/2003010.pdf"	3
"/home/blannon/og_data/financial_disclosures/PTR/2013/2002135.pdf"	1
"/home/blannon/og_data/financial_disclosures/PTR/2013/2002446.pdf"	2
"/home/blannon/og_data/financial_disclosures/PTR/2013/2002319.pdf"	2
"/home/blannon/og_data/financial_disclosures/PTR/2013/2001257.pdf"	11
"/home/blannon/og_data/financial_disclosures/PTR/2013/2002668.pdf"	2
"/home/blannon/og_data/financial_disclosures/PTR/2013/2000817.pdf"	1
"/home/blannon/og_data/financial_disclosures/PTR/2013/2003037.pdf"	2
"/home/blannon/og_data/financial_disclosures/PTR/2013/2002211.pdf"	15
"/home/blannon/og_data/financial_disclosures/PTR/2013/2001062.pdf"	2
"/home/blannon/og_data/financial_disclosures/PTR/2013/2003013.pdf"	1
"/home/blannon/og_data/financial_disclosures/PTR/2013/2002126.pdf"	2
"/home/blannon/og_data/financial_disclosures/PTR/2013/2002434.pdf"	1
"/home/blannon/og_data/financial_disclosures/PTR/2013/2001151.pdf"	1
"/home/blannon/og_data/financial_disclosures/PTR/2013/2002072.pdf"	4
"/home/blannon/og_data/financial_disclosures/PTR/2013/2001924.pdf"	9
"/home/blannon/og_data/financial_disclosures/PTR/2013/2001435.pdf"	2
"/home/blannon/og_data/financial_disclosures/PTR/2013/2002621.pdf"	2
"/home/blannon/og_data/financial_disclosures/PTR/2013/2001774.pdf"	12
"/home/blannon/og_data/financial_disclosures/PTR/2013/2002125.pdf"	4
"/home/blannon/og_data/financial_disclosures/PTR/2013/2002252.pdf"	2
"/home/blannon/og_data/financial_disclosures/PTR/2013/2001925.pdf"	5
"/home/blannon/og_data/financial_disclosures/PTR/2013/2002226.pdf"	2
"/home/blannon/og_data/financial_disclosures/PTR/2013/2002651.pdf"	1
"/home/blannon/og_data/financial_disclosures/PTR/2013/2001502.pdf"	1
"/home/blannon/og_data/financial_disclosures/PTR/2013/2001364.pdf"	1
"/home/blannon/og_data/financial_disclosures/PTR/2013/2002814.pdf"	2
"/home/blannon/og_data/financial_disclosures/PTR/2013/2001870.pdf"	1
"/home/blannon/og_data/financial_disclosures/PTR/2013/2001347.pdf"	3
"/home/blannon/og_data/financial_disclosures/PTR/2013/2001385.pdf"	1
"/home/blannon/og_data/financial_disclosures/PTR/2013/2002085.pdf"	1
"/home/blannon/og_data/financial_disclosures/PTR/2013/2002845.pdf"	4
"/home/blannon/og_data/financial_disclosures/PTR/2013/2001926.pdf"	1
"/home/blannon/og_data/financial_disclosures/PTR/2013/2002986.pdf"	2
"/home/blannon/og_data/financial_disclosures/PTR/2013/2002303.pdf"	7
"/home/blannon/og_data/financial_disclosures/PTR/2013/2002123.pdf"	1
"/home/blannon/og_data/financial_disclosures/PTR/2013/2002997.pdf"	1
"/home/blannon/og_data/financial_disclosures/PTR/2013/2001877.pdf"	1
"/home/blannon/og_data/financial_disclosures/PTR/2013/2000944.pdf"	7
"/home/blannon/og_data/financial_disclosures/PTR/2013/2003070.pdf"	1
"/home/blannon/og_data/financial_disclosures/PTR/2013/2002663.pdf"	4
"/home/blannon/og_data/financial_disclosures/PTR/2013/2002160.pdf"	1
"/home/blannon/og_data/financial_disclosures/PTR/2013/2002519.pdf"	2
"/home/blannon/og_data/financial_disclosures/PTR/2013/2001959.pdf"	5
"/home/blannon/og_data/financial_disclosures/PTR/2013/2000854.pdf"	1
"/home/blannon/og_data/financial_disclosures/PTR/2013/2001725.pdf"	1
"/home/blannon/og_data/financial_disclosures/PTR/2013/2002546.pdf"	1
"/home/blannon/og_data/financial_disclosures/PTR/2013/2002392.pdf"	1
"/home/blannon/og_data/financial_disclosures/PTR/2013/2002799.pdf"	1
"/home/blannon/og_data/financial_disclosures/PTR/2013/2002973.pdf"	2
"/home/blannon/og_data/financial_disclosures/PTR/2013/2001163.pdf"	1
"/home/blannon/og_data/financial_disclosures/PTR/2013/2002971.pdf"	1
"/home/blannon/og_data/financial_disclosures/PTR/2013/2002880.pdf"	2
"/home/blannon/og_data/financial_disclosures/PTR/2013/2001156.pdf"	2
"/home/blannon/og_data/financial_disclosures/PTR/2013/2002355.pdf"	1
"/home/blannon/og_data/financial_disclosures/PTR/2013/2001103.pdf"	2
"/home/blannon/og_data/financial_disclosures/PTR/2013/2002882.pdf"	1
"/home/blannon/og_data/financial_disclosures/PTR/2013/2001400.pdf"	2
"/home/blannon/og_data/financial_disclosures/PTR/2013/2001982.pdf"	1
"/home/blannon/og_data/financial_disclosures/PTR/2013/2000934.pdf"	2
"/home/blannon/og_data/financial_disclosures/PTR/2013/2002839.pdf"	2
"/home/blannon/og_data/financial_disclosures/PTR/2013/2001329.pdf"	1
"/home/blannon/og_data/financial_disclosures/PTR/2013/2001328.pdf"	3
"/home/blannon/og_data/financial_disclosures/PTR/2013/2002087.pdf"	1
"/home/blannon/og_data/financial_disclosures/PTR/2013/2002865.pdf"	1
"/home/blannon/og_data/financial_disclosures/PTR/2013/2002972.pdf"	1
"/home/blannon/og_data/financial_disclosures/PTR/2013/2001246.pdf"	1
"/home/blannon/og_data/financial_disclosures/PTR/2013/2001185.pdf"	3
"/home/blannon/og_data/financial_disclosures/PTR/2013/2000921.pdf"	5
"/home/blannon/og_data/financial_disclosures/PTR/2013/2000920.pdf"	3
"/home/blannon/og_data/financial_disclosures/PTR/2013/2001683.pdf"	2
"/home/blannon/og_data/financial_disclosures/PTR/2013/2001857.pdf"	1
"/home/blannon/og_data/financial_disclosures/PTR/2013/2001332.pdf"	10
"/home/blannon/og_data/financial_disclosures/PTR/2013/2002465.pdf"	1
"/home/blannon/og_data/financial_disclosures/PTR/2013/2001470.pdf"	2
"/home/blannon/og_data/financial_disclosures/PTR/2013/2001815.pdf"	1
"/home/blannon/og_data/financial_disclosures/PTR/2013/2002321.pdf"	4
"/home/blannon/og_data/financial_disclosures/PTR/2013/2001197.pdf"	2
"/home/blannon/og_data/financial_disclosures/PTR/2013/2001123.pdf"	3
"/home/blannon/og_data/financial_disclosures/PTR/2013/2002100.pdf"	1
"/home/blannon/og_data/financial_disclosures/PTR/2013/2001202.pdf"	1
"/home/blannon/og_data/financial_disclosures/PTR/2013/2001999.pdf"	1
"/home/blannon/og_data/financial_disclosures/PTR/2013/2001927.pdf"	2
"/home/blannon/og_data/financial_disclosures/PTR/2013/2002142.pdf"	2
"/home/blannon/og_data/financial_disclosures/PTR/2013/2001682.pdf"	2
"/home/blannon/og_data/financial_disclosures/PTR/2013/2001824.pdf"	12
"/home/blannon/og_data/financial_disclosures/PTR/2013/2001312.pdf"	2
"/home/blannon/og_data/financial_disclosures/PTR/2013/2001031.pdf"	8
"/home/blannon/og_data/financial_disclosures/PTR/2013/2002432.pdf"	2
"/home/blannon/og_data/financial_disclosures/PTR/2013/2001867.pdf"	1
"/home/blannon/og_data/financial_disclosures/PTR/2013/2001865.pdf"	1
"/home/blannon/og_data/financial_disclosures/PTR/2013/2001586.pdf"	1
"/home/blannon/og_data/financial_disclosures/PTR/2013/2001235.pdf"	1
"/home/blannon/og_data/financial_disclosures/PTR/2013/2001838.pdf"	2
"/home/blannon/og_data/financial_disclosures/PTR/2013/2001577.pdf"	7
"/home/blannon/og_data/financial_disclosures/PTR/2013/2001852.pdf"	1
"/home/blannon/og_data/financial_disclosures/PTR/2013/2001391.pdf"	2
"/home/blannon/og_data/financial_disclosures/PTR/2013/2003117.pdf"	1
"/home/blannon/og_data/financial_disclosures/PTR/2013/2000861.pdf"	2
"/home/blannon/og_data/financial_disclosures/PTR/2013/2001575.pdf"	1
"/home/blannon/og_data/financial_disclosures/PTR/2013/2002150.pdf"	2
"/home/blannon/og_data/financial_disclosures/PTR/2013/2002832.pdf"	2
"/home/blannon/og_data/financial_disclosures/PTR/2013/2001473.pdf"	1
"/home/blannon/og_data/financial_disclosures/PTR/2013/2001773.pdf"	1
"/home/blannon/og_data/financial_disclosures/PTR/2013/2002564.pdf"	2
"/home/blannon/og_data/financial_disclosures/PTR/2013/2002006.pdf"	2
"/home/blannon/og_data/financial_disclosures/PTR/2013/2002423.pdf"	1
"/home/blannon/og_data/financial_disclosures/PTR/2013/2002810.pdf"	2
"/home/blannon/og_data/financial_disclosures/PTR/2013/2001469.pdf"	1
"/home/blannon/og_data/financial_disclosures/PTR/2013/2002250.pdf"	1
"/home/blannon/og_data/financial_disclosures/PTR/2013/2002528.pdf"	1
"/home/blannon/og_data/financial_disclosures/PTR/2013/2001837.pdf"	1
"/home/blannon/og_data/financial_disclosures/PTR/2013/2000852.pdf"	1
"/home/blannon/og_data/financial_disclosures/PTR/2013/2002119.pdf"	4
"/home/blannon/og_data/financial_disclosures/PTR/2013/2002232.pdf"	5
"/home/blannon/og_data/financial_disclosures/PTR/2013/2001500.pdf"	2
"/home/blannon/og_data/financial_disclosures/PTR/2013/2001463.pdf"	1
"/home/blannon/og_data/financial_disclosures/PTR/2013/2000888.pdf"	1
"/home/blannon/og_data/financial_disclosures/PTR/2013/2002478.pdf"	1
"/home/blannon/og_data/financial_disclosures/PTR/2013/2001172.pdf"	3
"/home/blannon/og_data/financial_disclosures/PTR/2013/2001883.pdf"	1
"/home/blannon/og_data/financial_disclosures/PTR/2013/2001260.pdf"	1
"/home/blannon/og_data/financial_disclosures/PTR/2013/2002242.pdf"	1
"/home/blannon/og_data/financial_disclosures/PTR/2013/2001899.pdf"	1
"/home/blannon/og_data/financial_disclosures/PTR/2013/2002384.pdf"	1
"/home/blannon/og_data/financial_disclosures/PTR/2013/2001143.pdf"	2
"/home/blannon/og_data/financial_disclosures/PTR/2013/2001674.pdf"	1
"/home/blannon/og_data/financial_disclosures/PTR/2013/2001827.pdf"	1
"/home/blannon/og_data/financial_disclosures/PTR/2013/2002079.pdf"	2
"/home/blannon/og_data/financial_disclosures/PTR/2013/2002953.pdf"	1
"/home/blannon/og_data/financial_disclosures/PTR/2013/2000978.pdf"	1
"/home/blannon/og_data/financial_disclosures/PTR/2013/2002369.pdf"	2
"/home/blannon/og_data/financial_disclosures/PTR/2013/2001808.pdf"	1
"/home/blannon/og_data/financial_disclosures/PTR/2013/2001807.pdf"	10
"/home/blannon/og_data/financial_disclosures/PTR/2013/2002565.pdf"	2
"/home/blannon/og_data/financial_disclosures/PTR/2013/2002888.pdf"	1
"/home/blannon/og_data/financial_disclosures/PTR/2013/2001535.pdf"	2
"/home/blannon/og_data/financial_disclosures/PTR/2013/2002778.pdf"	1
"/home/blannon/og_data/financial_disclosures/PTR/2013/2001710.pdf"	1
"/home/blannon/og_data/financial_disclosures/PTR/2013/2001305.pdf"	5
"/home/blannon/og_data/financial_disclosures/PTR/2013/2003026.pdf"	1
"/home/blannon/og_data/financial_disclosures/PTR/2013/2001511.pdf"	3
"/home/blannon/og_data/financial_disclosures/PTR/2013/2002128.pdf"	2
"/home/blannon/og_data/financial_disclosures/PTR/2013/2002094.pdf"	2
"/home/blannon/og_data/financial_disclosures/PTR/2013/2001318.pdf"	1
"/home/blannon/og_data/financial_disclosures/PTR/2013/2001692.pdf"	25
"/home/blannon/og_data/financial_disclosures/PTR/2013/2001451.pdf"	15
"/home/blannon/og_data/financial_disclosures/PTR/2013/2000917.pdf"	2
"/home/blannon/og_data/financial_disclosures/PTR/2013/2001369.pdf"	4
"/home/blannon/og_data/financial_disclosures/PTR/2013/2001252.pdf"	1
"/home/blannon/og_data/financial_disclosures/PTR/2013/2001569.pdf"	1
"/home/blannon/og_data/financial_disclosures/PTR/2013/2002627.pdf"	1
"/home/blannon/og_data/financial_disclosures/PTR/2013/2001713.pdf"	2
"/home/blannon/og_data/financial_disclosures/PTR/2013/2002610.pdf"	2
"/home/blannon/og_data/financial_disclosures/PTR/2013/2001904.pdf"	1
"/home/blannon/og_data/financial_disclosures/PTR/2013/2003047.pdf"	1
"/home/blannon/og_data/financial_disclosures/PTR/2013/2000853.pdf"	4
"/home/blannon/og_data/financial_disclosures/PTR/2013/2001501.pdf"	2
"/home/blannon/og_data/financial_disclosures/PTR/2013/2001576.pdf"	1
"/home/blannon/og_data/financial_disclosures/PTR/2013/2001684.pdf"	1
"/home/blannon/og_data/financial_disclosures/PTR/2013/2002477.pdf"	1
"/home/blannon/og_data/financial_disclosures/PTR/2013/2001753.pdf"	1
"/home/blannon/og_data/financial_disclosures/PTR/2013/2002131.pdf"	2
"/home/blannon/og_data/financial_disclosures/PTR/2013/2002372.pdf"	2
"/home/blannon/og_data/financial_disclosures/PTR/2013/2001498.pdf"	1
"/home/blannon/og_data/financial_disclosures/PTR/2013/2003038.pdf"	2
"/home/blannon/og_data/financial_disclosures/PTR/2013/2001767.pdf"	2
"/home/blannon/og_data/financial_disclosures/PTR/2013/2002489.pdf"	1
"/home/blannon/og_data/financial_disclosures/PTR/2013/2003024.pdf"	2
"/home/blannon/og_data/financial_disclosures/PTR/2013/2002099.pdf"	2
"/home/blannon/og_data/financial_disclosures/PTR/2013/2002828.pdf"	31
"/home/blannon/og_data/financial_disclosures/PTR/2013/2002660.pdf"	2
"/home/blannon/og_data/financial_disclosures/PTR/2013/2002461.pdf"	2
"/home/blannon/og_data/financial_disclosures/PTR/2013/2002233.pdf"	1
"/home/blannon/og_data/financial_disclosures/PTR/2013/2002272.pdf"	1
"/home/blannon/og_data/financial_disclosures/PTR/2013/2001149.pdf"	1
"/home/blannon/og_data/financial_disclosures/PTR/2013/2002981.pdf"	1
"/home/blannon/og_data/financial_disclosures/PTR/2013/2002427.pdf"	1
"/home/blannon/og_data/financial_disclosures/PTR/2013/8210783.pdf"	2
"/home/blannon/og_data/financial_disclosures/PTR/2013/2003087.pdf"	3
"/home/blannon/og_data/financial_disclosures/PTR/2013/2000833.pdf"	1
"/home/blannon/og_data/financial_disclosures/PTR/2013/2001559.pdf"	3
"/home/blannon/og_data/financial_disclosures/PTR/2013/2001061.pdf"	1
"/home/blannon/og_data/financial_disclosures/PTR/2013/2002895.pdf"	3
"/home/blannon/og_data/financial_disclosures/PTR/2013/2002670.pdf"	2
"/home/blannon/og_data/financial_disclosures/PTR/2013/2002426.pdf"	1
"/home/blannon/og_data/financial_disclosures/PTR/2013/2002889.pdf"	1
"/home/blannon/og_data/financial_disclosures/PTR/2013/2002587.pdf"	1
"/home/blannon/og_data/financial_disclosures/PTR/2013/2002754.pdf"	3
"/home/blannon/og_data/financial_disclosures/PTR/2013/2001928.pdf"	1
"/home/blannon/og_data/financial_disclosures/PTR/2013/2002921.pdf"	2
"/home/blannon/og_data/financial_disclosures/PTR/2013/2002777.pdf"	1
"/home/blannon/og_data/financial_disclosures/PTR/2013/2001782.pdf"	1
"/home/blannon/og_data/financial_disclosures/PTR/2013/2003122.pdf"	13
"/home/blannon/og_data/financial_disclosures/PTR/2013/2000919.pdf"	2
"/home/blannon/og_data/financial_disclosures/PTR/2013/2000910.pdf"	2
"/home/blannon/og_data/financial_disclosures/PTR/2013/2002790.pdf"	1
"/home/blannon/og_data/financial_disclosures/PTR/2013/2002451.pdf"	2
"/home/blannon/og_data/financial_disclosures/PTR/2013/2001518.pdf"	2
"/home/blannon/og_data/financial_disclosures/PTR/2013/2001932.pdf"	1
"/home/blannon/og_data/financial_disclosures/PTR/2013/2002726.pdf"	3
"/home/blannon/og_data/financial_disclosures/PTR/2013/2002414.pdf"	1
"/home/blannon/og_data/financial_disclosures/PTR/2013/2002905.pdf"	2
"/home/blannon/og_data/financial_disclosures/PTR/2013/2002281.pdf"	3
"/home/blannon/og_data/financial_disclosures/PTR/2013/2002059.pdf"	78
"/home/blannon/og_data/financial_disclosures/PTR/2013/2002443.pdf"	1
"/home/blannon/og_data/financial_disclosures/PTR/2013/2002585.pdf"	5
"/home/blannon/og_data/financial_disclosures/PTR/2013/2002145.pdf"	1
"/home/blannon/og_data/financial_disclosures/PTR/2013/2002222.pdf"	1
"/home/blannon/og_data/financial_disclosures/PTR/2013/2002954.pdf"	1
"/home/blannon/og_data/financial_disclosures/PTR/2013/2002529.pdf"	1
"/home/blannon/og_data/financial_disclosures/PTR/2013/2002157.pdf"	1
"/home/blannon/og_data/financial_disclosures/PTR/2013/2002693.pdf"	1
"/home/blannon/og_data/financial_disclosures/PTR/2013/2001951.pdf"	1
"/home/blannon/og_data/financial_disclosures/PTR/2013/2001026.pdf"	3
"/home/blannon/og_data/financial_disclosures/PTR/2013/2002260.pdf"	2
"/home/blannon/og_data/financial_disclosures/PTR/2013/2001971.pdf"	3
"/home/blannon/og_data/financial_disclosures/PTR/2013/2002464.pdf"	2
"/home/blannon/og_data/financial_disclosures/PTR/2013/2001371.pdf"	2
"/home/blannon/og_data/financial_disclosures/PTR/2013/2001462.pdf"	1
"/home/blannon/og_data/financial_disclosures/PTR/2013/2000845.pdf"	1
"/home/blannon/og_data/financial_disclosures/PTR/2013/2002808.pdf"	3
"/home/blannon/og_data/financial_disclosures/PTR/2013/2002270.pdf"	3
"/home/blannon/og_data/financial_disclosures/PTR/2013/2003036.pdf"	1
"/home/blannon/og_data/financial_disclosures/PTR/2013/2002036.pdf"	5
"/home/blannon/og_data/financial_disclosures/PTR/2013/2002494.pdf"	1
"/home/blannon/og_data/financial_disclosures/PTR/2013/2002520.pdf"	2
"/home/blannon/og_data/financial_disclosures/PTR/2013/2002760.pdf"	1
"/home/blannon/og_data/financial_disclosures/PTR/2013/2002452.pdf"	32
"/home/blannon/og_data/financial_disclosures/PTR/2013/2003007.pdf"	1
"/home/blannon/og_data/financial_disclosures/PTR/2013/2002000.pdf"	1
"/home/blannon/og_data/financial_disclosures/PTR/2013/2003126.pdf"	14
"/home/blannon/og_data/financial_disclosures/PTR/2013/2001372.pdf"	1
"/home/blannon/og_data/financial_disclosures/PTR/2013/2001512.pdf"	7
"/home/blannon/og_data/financial_disclosures/PTR/2013/2002572.pdf"	24
"/home/blannon/og_data/financial_disclosures/PTR/2013/2001947.pdf"	2
"/home/blannon/og_data/financial_disclosures/PTR/2013/2002488.pdf"	1
"/home/blannon/og_data/financial_disclosures/PTR/2013/2001907.pdf"	1
"/home/blannon/og_data/financial_disclosures/PTR/2013/2001460.pdf"	1
"/home/blannon/og_data/financial_disclosures/PTR/2013/2001917.pdf"	18
"/home/blannon/og_data/financial_disclosures/PTR/2013/2001939.pdf"	1
"/home/blannon/og_data/financial_disclosures/PTR/2013/2002368.pdf"	1
"/home/blannon/og_data/financial_disclosures/PTR/2013/2000958.pdf"	13
"/home/blannon/og_data/financial_disclosures/PTR/2013/2002058.pdf"	1
"/home/blannon/og_data/financial_disclosures/PTR/2013/2002064.pdf"	2
"/home/blannon/og_data/financial_disclosures/PTR/2013/2001515.pdf"	3
"/home/blannon/og_data/financial_disclosures/PTR/2013/2001402.pdf"	4
"/home/blannon/og_data/financial_disclosures/PTR/2013/2002805.pdf"	2
"/home/blannon/og_data/financial_disclosures/PTR/2013/2001841.pdf"	1
"/home/blannon/og_data/financial_disclosures/PTR/2013/2002901.pdf"	1
"/home/blannon/og_data/financial_disclosures/PTR/2013/2001188.pdf"	1
"/home/blannon/og_data/financial_disclosures/PTR/2013/2001858.pdf"	3
"/home/blannon/og_data/financial_disclosures/PTR/2013/2000865.pdf"	1
"/home/blannon/og_data/financial_disclosures/PTR/2013/2001135.pdf"	2
"/home/blannon/og_data/financial_disclosures/PTR/2013/2001153.pdf"	1
"/home/blannon/og_data/financial_disclosures/PTR/2013/2001471.pdf"	2
"/home/blannon/og_data/financial_disclosures/PTR/2013/2001771.pdf"	1
"/home/blannon/og_data/financial_disclosures/PTR/2013/2001184.pdf"	1
"/home/blannon/og_data/financial_disclosures/PTR/2013/2002616.pdf"	2
"/home/blannon/og_data/financial_disclosures/PTR/2013/2001152.pdf"	4
"/home/blannon/og_data/financial_disclosures/PTR/2013/2002985.pdf"	1
"/home/blannon/og_data/financial_disclosures/PTR/2013/2001731.pdf"	2
"/home/blannon/og_data/financial_disclosures/PTR/2013/2002487.pdf"	1
"/home/blannon/og_data/financial_disclosures/PTR/2013/2002601.pdf"	1
"/home/blannon/og_data/financial_disclosures/PTR/2013/2001099.pdf"	3
"/home/blannon/og_data/financial_disclosures/PTR/2013/2002957.pdf"	1
"/home/blannon/og_data/financial_disclosures/PTR/2013/2002243.pdf"	15
"/home/blannon/og_data/financial_disclosures/PTR/2013/2001958.pdf"	8
"/home/blannon/og_data/financial_disclosures/PTR/2013/2002875.pdf"	1
"/home/blannon/og_data/financial_disclosures/PTR/2013/2002650.pdf"	3
"/home/blannon/og_data/financial_disclosures/PTR/2013/2002313.pdf"	7
"/home/blannon/og_data/financial_disclosures/PTR/2013/2001657.pdf"	1
"/home/blannon/og_data/financial_disclosures/PTR/2013/2000932.pdf"	2
"/home/blannon/og_data/financial_disclosures/PTR/2013/2001054.pdf"	1
"/home/blannon/og_data/financial_disclosures/PTR/2013/2002977.pdf"	2
"/home/blannon/og_data/financial_disclosures/PTR/2013/2002493.pdf"	2
"/home/blannon/og_data/financial_disclosures/PTR/2013/2001475.pdf"	1
"/home/blannon/og_data/financial_disclosures/PTR/2013/2001223.pdf"	1
"/home/blannon/og_data/financial_disclosures/PTR/2013/2002603.pdf"	4
"/home/blannon/og_data/financial_disclosures/PTR/2013/2002666.pdf"	2
"/home/blannon/og_data/financial_disclosures/PTR/2013/2001930.pdf"	3
"/home/blannon/og_data/financial_disclosures/PTR/2013/2001133.pdf"	2
"/home/blannon/og_data/financial_disclosures/PTR/2013/2003003.pdf"	1
"/home/blannon/og_data/financial_disclosures/PTR/2013/2001240.pdf"	2
"/home/blannon/og_data/financial_disclosures/PTR/2013/2001439.pdf"	1
"/home/blannon/og_data/financial_disclosures/PTR/2013/2001056.pdf"	2
"/home/blannon/og_data/financial_disclosures/PTR/2013/2002288.pdf"	1
"/home/blannon/og_data/financial_disclosures/PTR/2013/2002082.pdf"	1
"/home/blannon/og_data/financial_disclosures/PTR/2013/2002406.pdf"	1
"/home/blannon/og_data/financial_disclosures/PTR/2013/2001127.pdf"	1
"/home/blannon/og_data/financial_disclosures/PTR/2013/2001093.pdf"	1
"/home/blannon/og_data/financial_disclosures/PTR/2013/2002723.pdf"	2
"/home/blannon/og_data/financial_disclosures/PTR/2013/2002560.pdf"	2
"/home/blannon/og_data/financial_disclosures/PTR/2013/2002620.pdf"	3
"/home/blannon/og_data/financial_disclosures/PTR/2013/2002029.pdf"	2
"/home/blannon/og_data/financial_disclosures/PTR/2013/2001965.pdf"	1
"/home/blannon/og_data/financial_disclosures/PTR/2013/2002015.pdf"	1
"/home/blannon/og_data/financial_disclosures/PTR/2013/2001514.pdf"	2
"/home/blannon/og_data/financial_disclosures/PTR/2013/2001071.pdf"	2
"/home/blannon/og_data/financial_disclosures/PTR/2013/2001845.pdf"	2
"/home/blannon/og_data/financial_disclosures/PTR/2013/2002204.pdf"	1
"/home/blannon/og_data/financial_disclosures/PTR/2012/2000480.pdf"	1
"/home/blannon/og_data/financial_disclosures/PTR/2012/2000766.pdf"	2
"/home/blannon/og_data/financial_disclosures/PTR/2012/2000051.pdf"	1
"/home/blannon/og_data/financial_disclosures/PTR/2012/2000612.pdf"	3
"/home/blannon/og_data/financial_disclosures/PTR/2012/2000283.pdf"	4
"/home/blannon/og_data/financial_disclosures/PTR/2012/2000421.pdf"	2
"/home/blannon/og_data/financial_disclosures/PTR/2012/2000299.pdf"	1
"/home/blannon/og_data/financial_disclosures/PTR/2012/2000586.pdf"	3
"/home/blannon/og_data/financial_disclosures/PTR/2012/2000244.pdf"	1
"/home/blannon/og_data/financial_disclosures/PTR/2012/2000387.pdf"	2
"/home/blannon/og_data/financial_disclosures/PTR/2012/2000103.pdf"	1
"/home/blannon/og_data/financial_disclosures/PTR/2012/2000069.pdf"	3
"/home/blannon/og_data/financial_disclosures/PTR/2012/2000699.pdf"	2
"/home/blannon/og_data/financial_disclosures/PTR/2012/2000513.pdf"	9
"/home/blannon/og_data/financial_disclosures/PTR/2012/2000988.pdf"	12
"/home/blannon/og_data/financial_disclosures/PTR/2012/2000692.pdf"	1
"/home/blannon/og_data/financial_disclosures/PTR/2012/2000073.pdf"	3
"/home/blannon/og_data/financial_disclosures/PTR/2012/2000743.pdf"	1
"/home/blannon/og_data/financial_disclosures/PTR/2012/2000479.pdf"	1
"/home/blannon/og_data/financial_disclosures/PTR/2012/2000546.pdf"	1
"/home/blannon/og_data/financial_disclosures/PTR/2012/2000599.pdf"	1
"/home/blannon/og_data/financial_disclosures/PTR/2012/2000098.pdf"	2
"/home/blannon/og_data/financial_disclosures/PTR/2012/2000713.pdf"	1
"/home/blannon/og_data/financial_disclosures/PTR/2012/2000589.pdf"	2
"/home/blannon/og_data/financial_disclosures/PTR/2012/2000694.pdf"	1
"/home/blannon/og_data/financial_disclosures/PTR/2012/2000390.pdf"	1
"/home/blannon/og_data/financial_disclosures/PTR/2012/2000665.pdf"	1
"/home/blannon/og_data/financial_disclosures/PTR/2012/2000408.pdf"	1
"/home/blannon/og_data/financial_disclosures/PTR/2012/2000451.pdf"	2
"/home/blannon/og_data/financial_disclosures/PTR/2012/2000162.pdf"	2
"/home/blannon/og_data/financial_disclosures/PTR/2012/2000429.pdf"	2
"/home/blannon/og_data/financial_disclosures/PTR/2012/2000437.pdf"	2
"/home/blannon/og_data/financial_disclosures/PTR/2012/2000075.pdf"	5
"/home/blannon/og_data/financial_disclosures/PTR/2012/2000478.pdf"	1
"/home/blannon/og_data/financial_disclosures/PTR/2012/2000364.pdf"	50
"/home/blannon/og_data/financial_disclosures/PTR/2012/2000373.pdf"	2
"/home/blannon/og_data/financial_disclosures/PTR/2012/2002104.pdf"	6
"/home/blannon/og_data/financial_disclosures/PTR/2012/2000231.pdf"	1
"/home/blannon/og_data/financial_disclosures/PTR/2012/2000672.pdf"	2
"/home/blannon/og_data/financial_disclosures/PTR/2012/2000400.pdf"	1
"/home/blannon/og_data/financial_disclosures/PTR/2012/2000147.pdf"	2
"/home/blannon/og_data/financial_disclosures/PTR/2012/2000324.pdf"	1
"/home/blannon/og_data/financial_disclosures/PTR/2012/2000160.pdf"	1
"/home/blannon/og_data/financial_disclosures/PTR/2012/2000137.pdf"	2
"/home/blannon/og_data/financial_disclosures/PTR/2012/2000506.pdf"	1
"/home/blannon/og_data/financial_disclosures/PTR/2012/2000772.pdf"	2
"/home/blannon/og_data/financial_disclosures/PTR/2012/2000477.pdf"	2
"/home/blannon/og_data/financial_disclosures/PTR/2012/2000332.pdf"	1
"/home/blannon/og_data/financial_disclosures/PTR/2012/2000555.pdf"	3
"/home/blannon/og_data/financial_disclosures/PTR/2012/2000326.pdf"	2
"/home/blannon/og_data/financial_disclosures/PTR/2012/2000159.pdf"	1
"/home/blannon/og_data/financial_disclosures/PTR/2012/2000682.pdf"	1
"/home/blannon/og_data/financial_disclosures/PTR/2012/2000561.pdf"	2
"/home/blannon/og_data/financial_disclosures/PTR/2012/2000761.pdf"	2
"/home/blannon/og_data/financial_disclosures/PTR/2012/2000508.pdf"	1
"/home/blannon/og_data/financial_disclosures/PTR/2012/2000178.pdf"	5
"/home/blannon/og_data/financial_disclosures/PTR/2012/2000620.pdf"	2
"/home/blannon/og_data/financial_disclosures/PTR/2012/2000785.pdf"	2
"/home/blannon/og_data/financial_disclosures/PTR/2012/2000117.pdf"	3
"/home/blannon/og_data/financial_disclosures/PTR/2012/2000072.pdf"	2
"/home/blannon/og_data/financial_disclosures/PTR/2012/2000595.pdf"	5
"/home/blannon/og_data/financial_disclosures/PTR/2012/2000577.pdf"	4
"/home/blannon/og_data/financial_disclosures/PTR/2012/2000134.pdf"	2
"/home/blannon/og_data/financial_disclosures/PTR/2012/2000640.pdf"	1
"/home/blannon/og_data/financial_disclosures/PTR/2012/2000610.pdf"	1
"/home/blannon/og_data/financial_disclosures/PTR/2012/2000146.pdf"	6
"/home/blannon/og_data/financial_disclosures/PTR/2012/2000767.pdf"	3
"/home/blannon/og_data/financial_disclosures/PTR/2012/2000773.pdf"	2
"/home/blannon/og_data/financial_disclosures/PTR/2012/2000276.pdf"	2
"/home/blannon/og_data/financial_disclosures/PTR/2012/2000639.pdf"	4
"/home/blannon/og_data/financial_disclosures/PTR/2012/2000258.pdf"	12
"/home/blannon/og_data/financial_disclosures/PTR/2012/2000613.pdf"	7
"/home/blannon/og_data/financial_disclosures/PTR/2012/2000288.pdf"	6
"/home/blannon/og_data/financial_disclosures/PTR/2012/2000337.pdf"	1
"/home/blannon/og_data/financial_disclosures/PTR/2012/2000789.pdf"	1
"/home/blannon/og_data/financial_disclosures/PTR/2012/2000659.pdf"	1
"/home/blannon/og_data/financial_disclosures/PTR/2012/2000604.pdf"	4
"/home/blannon/og_data/financial_disclosures/PTR/2012/2000068.pdf"	3
"/home/blannon/og_data/financial_disclosures/PTR/2012/2000122.pdf"	2
"/home/blannon/og_data/financial_disclosures/PTR/2012/2000298.pdf"	8
"/home/blannon/og_data/financial_disclosures/PTR/2012/2000522.pdf"	2
"/home/blannon/og_data/financial_disclosures/PTR/2012/2000727.pdf"	8
"/home/blannon/og_data/financial_disclosures/PTR/2012/2000576.pdf"	2
"/home/blannon/og_data/financial_disclosures/PTR/2012/2000592.pdf"	14
"/home/blannon/og_data/financial_disclosures/PTR/2012/2000396.pdf"	2
"/home/blannon/og_data/financial_disclosures/PTR/2012/2000784.pdf"	1
"/home/blannon/og_data/financial_disclosures/PTR/2012/2000475.pdf"	1
"/home/blannon/og_data/financial_disclosures/PTR/2012/2000340.pdf"	1
"/home/blannon/og_data/financial_disclosures/PTR/2012/2000580.pdf"	3
"/home/blannon/og_data/financial_disclosures/PTR/2012/2000787.pdf"	1
"/home/blannon/og_data/financial_disclosures/PTR/2012/2000725.pdf"	2
"/home/blannon/og_data/financial_disclosures/PTR/2012/2000095.pdf"	2
"/home/blannon/og_data/financial_disclosures/PTR/2012/2000673.pdf"	14
"/home/blannon/og_data/financial_disclosures/PTR/2012/2000675.pdf"	2
"/home/blannon/og_data/financial_disclosures/PTR/2012/2000141.pdf"	2
"/home/blannon/og_data/financial_disclosures/PTR/2012/2000600.pdf"	1
"/home/blannon/og_data/financial_disclosures/PTR/2012/2000591.pdf"	9
"/home/blannon/og_data/financial_disclosures/PTR/2012/8209035.pdf"	1
"/home/blannon/og_data/financial_disclosures/PTR/2012/2002722.pdf"	2
"/home/blannon/og_data/financial_disclosures/PTR/2012/2002308.pdf"	2
"/home/blannon/og_data/financial_disclosures/PTR/2012/2000810.pdf"	2
"/home/blannon/og_data/financial_disclosures/PTR/2012/2000756.pdf"	2
"/home/blannon/og_data/financial_disclosures/PTR/2012/2000473.pdf"	5
"/home/blannon/og_data/financial_disclosures/PTR/2012/2000156.pdf"	1
"/home/blannon/og_data/financial_disclosures/PTR/2012/2002310.pdf"	3
"/home/blannon/og_data/financial_disclosures/PTR/2012/2000579.pdf"	1
"/home/blannon/og_data/financial_disclosures/PTR/2012/2000753.pdf"	3
"/home/blannon/og_data/financial_disclosures/PTR/2012/2000474.pdf"	1
"/home/blannon/og_data/financial_disclosures/PTR/2012/2000573.pdf"	1
"/home/blannon/og_data/financial_disclosures/PTR/2012/2000585.pdf"	1
"/home/blannon/og_data/financial_disclosures/PTR/2012/2000575.pdf"	1
"/home/blannon/og_data/financial_disclosures/PTR/2012/2000268.pdf"	1
"/home/blannon/og_data/financial_disclosures/PTR/2012/2000617.pdf"	3
"/home/blannon/og_data/financial_disclosures/PTR/2012/2000228.pdf"	1
"/home/blannon/og_data/financial_disclosures/PTR/2012/2000683.pdf"	2
"/home/blannon/og_data/financial_disclosures/PTR/2012/2000439.pdf"	3
"/home/blannon/og_data/financial_disclosures/PTR/2012/2000333.pdf"	3
"/home/blannon/og_data/financial_disclosures/PTR/2012/2000074.pdf"	3
"/home/blannon/og_data/financial_disclosures/PTR/2012/2000803.pdf"	2
"/home/blannon/og_data/financial_disclosures/PTR/2012/2000777.pdf"	3
"/home/blannon/og_data/financial_disclosures/PTR/2012/2000609.pdf"	5
"/home/blannon/og_data/financial_disclosures/PTR/2012/2000294.pdf"	1
"/home/blannon/og_data/financial_disclosures/PTR/2012/2000747.pdf"	1
"/home/blannon/og_data/financial_disclosures/PTR/2012/2000471.pdf"	2
"/home/blannon/og_data/financial_disclosures/PTR/2012/2000560.pdf"	2
"/home/blannon/og_data/financial_disclosures/PTR/2012/2000296.pdf"	1
"/home/blannon/og_data/financial_disclosures/PTR/2012/2000199.pdf"	1
"/home/blannon/og_data/financial_disclosures/PTR/2012/2000771.pdf"	7
"/home/blannon/og_data/financial_disclosures/PTR/2012/2000611.pdf"	34
"/home/blannon/og_data/financial_disclosures/PTR/2012/2000221.pdf"	8
"/home/blannon/og_data/financial_disclosures/PTR/2012/2000330.pdf"	2
"/home/blannon/og_data/financial_disclosures/PTR/2012/2000071.pdf"	6
"/home/blannon/og_data/financial_disclosures/PTR/2012/2000746.pdf"	2
"/home/blannon/og_data/financial_disclosures/PTR/2012/2000449.pdf"	1
"/home/blannon/og_data/financial_disclosures/PTR/2012/2000067.pdf"	1
"/home/blannon/og_data/financial_disclosures/PTR/2012/2000779.pdf"	3
"/home/blannon/og_data/financial_disclosures/PTR/2012/2000529.pdf"	1
"/home/blannon/og_data/financial_disclosures/PTR/2012/2000413.pdf"	1
"/home/blannon/og_data/financial_disclosures/PTR/2012/2000315.pdf"	3
"/home/blannon/og_data/financial_disclosures/PTR/2012/2000793.pdf"	1
"/home/blannon/og_data/financial_disclosures/PTR/2012/2000376.pdf"	2
"/home/blannon/og_data/financial_disclosures/PTR/2012/2000558.pdf"	2
"/home/blannon/og_data/financial_disclosures/PTR/2012/2000431.pdf"	3
"/home/blannon/og_data/financial_disclosures/PTR/2012/2000226.pdf"	1
"/home/blannon/og_data/financial_disclosures/PTR/2012/2000454.pdf"	1
"/home/blannon/og_data/financial_disclosures/PTR/2012/2000711.pdf"	1
"/home/blannon/og_data/financial_disclosures/PTR/2012/2000274.pdf"	1
"/home/blannon/og_data/financial_disclosures/PTR/2012/2000776.pdf"	7
"/home/blannon/og_data/financial_disclosures/PTR/2012/2000790.pdf"	1
"/home/blannon/og_data/financial_disclosures/PTR/2012/2000643.pdf"	1
"/home/blannon/og_data/financial_disclosures/PTR/2012/2000710.pdf"	1
"/home/blannon/og_data/financial_disclosures/PTR/2012/2000076.pdf"	4
"/home/blannon/og_data/financial_disclosures/PTR/2012/2000092.pdf"	1
"/home/blannon/og_data/financial_disclosures/PTR/2012/2000111.pdf"	1
"/home/blannon/og_data/financial_disclosures/PTR/2012/2000289.pdf"	3
"/home/blannon/og_data/financial_disclosures/PTR/2012/2000637.pdf"	1
"/home/blannon/og_data/financial_disclosures/PTR/2012/2000689.pdf"	1
"/home/blannon/og_data/financial_disclosures/PTR/2012/2000618.pdf"	20
"/home/blannon/og_data/financial_disclosures/PTR/2012/2000657.pdf"	6
"/home/blannon/og_data/financial_disclosures/PTR/2012/2000009.pdf"	1
"/home/blannon/og_data/financial_disclosures/PTR/2012/2000598.pdf"	1
"/home/blannon/og_data/financial_disclosures/PTR/2012/2000626.pdf"	1
"/home/blannon/og_data/financial_disclosures/PTR/2012/2000391.pdf"	2
"/home/blannon/og_data/financial_disclosures/PTR/2012/2000730.pdf"	2
"/home/blannon/og_data/financial_disclosures/PTR/2012/2000336.pdf"	2
"/home/blannon/og_data/financial_disclosures/PTR/2012/2000254.pdf"	1
"/home/blannon/og_data/financial_disclosures/PTR/2012/2000438.pdf"	1
"/home/blannon/og_data/financial_disclosures/PTR/2012/2000338.pdf"	2
"/home/blannon/og_data/financial_disclosures/PTR/2012/2000709.pdf"	2
"/home/blannon/og_data/financial_disclosures/PTR/2012/2000530.pdf"	50
"/home/blannon/og_data/financial_disclosures/PTR/2012/2000492.pdf"	10
"/home/blannon/og_data/financial_disclosures/PTR/2012/2000664.pdf"	1
"/home/blannon/og_data/financial_disclosures/PTR/2012/2000314.pdf"	2
"/home/blannon/og_data/financial_disclosures/PTR/2012/2000269.pdf"	17
"/home/blannon/og_data/financial_disclosures/PTR/2012/2000355.pdf"	2
"/home/blannon/og_data/financial_disclosures/PTR/2012/2000361.pdf"	7
"/home/blannon/og_data/financial_disclosures/PTR/2012/2000698.pdf"	8
"/home/blannon/og_data/financial_disclosures/PTR/2012/8209407.pdf"	1
"/home/blannon/og_data/financial_disclosures/PTR/2012/2000382.pdf"	2
"/home/blannon/og_data/financial_disclosures/PTR/2012/2000130.pdf"	3
"/home/blannon/og_data/financial_disclosures/PTR/2012/2000593.pdf"	1
"/home/blannon/og_data/financial_disclosures/PTR/2012/2000443.pdf"	1
"/home/blannon/og_data/financial_disclosures/PTR/2012/2000271.pdf"	1
"/home/blannon/og_data/financial_disclosures/PTR/2012/2000574.pdf"	1
"/home/blannon/og_data/financial_disclosures/PTR/2012/2002309.pdf"	3
"/home/blannon/og_data/financial_disclosures/PTR/2012/2000365.pdf"	2
"/home/blannon/og_data/financial_disclosures/PTR/2012/2000216.pdf"	3
"/home/blannon/og_data/financial_disclosures/PTR/2012/2000487.pdf"	1
"/home/blannon/og_data/financial_disclosures/PTR/2012/2000297.pdf"	3
"/home/blannon/og_data/financial_disclosures/PTR/2012/2000723.pdf"	1
"/home/blannon/og_data/financial_disclosures/PTR/2012/2000687.pdf"	2
"/home/blannon/og_data/financial_disclosures/PTR/2012/2000491.pdf"	1
"/home/blannon/og_data/financial_disclosures/PTR/2012/2000740.pdf"	3
"/home/blannon/og_data/financial_disclosures/PTR/2012/2000253.pdf"	2
"/home/blannon/og_data/financial_disclosures/PTR/2012/2000559.pdf"	1
"/home/blannon/og_data/financial_disclosures/PTR/2012/2002311.pdf"	3
"/home/blannon/og_data/financial_disclosures/PTR/2012/2000450.pdf"	1
"/home/blannon/og_data/financial_disclosures/PTR/2012/2000774.pdf"	2
"/home/blannon/og_data/financial_disclosures/PTR/2012/2000812.pdf"	2
"/home/blannon/og_data/financial_disclosures/PTR/2014/8213791.pdf"	1
"/home/blannon/og_data/financial_disclosures/PTR/2014/8213782.pdf"	1
"/home/blannon/og_data/financial_disclosures/PTR/2014/8213785.pdf"	2
"/home/blannon/og_data/financial_disclosures/PTR/2014/8213811.pdf"	1
"/home/blannon/og_data/financial_disclosures/PTR/2014/8213814.pdf"	2
"/home/blannon/og_data/financial_disclosures/PTR/2014/8213810.pdf"	1
"/home/blannon/og_data/financial_disclosures/PTR/2014/8213778.pdf"	1
"/home/blannon/og_data/financial_disclosures/PTR/2014/8213827.pdf"	1
"/home/blannon/og_data/financial_disclosures/PTR/2014/8213784.pdf"	1
"/home/blannon/og_data/financial_disclosures/PTR/2014/8213826.pdf"	5
"/home/blannon/og_data/financial_disclosures/PTR/2014/8213795.pdf"	1
"/home/blannon/og_data/financial_disclosures/PTR/2014/8213813.pdf"	1
"/home/blannon/og_data/financial_disclosures/PTR/2014/20000037.pdf"	2
"/home/blannon/og_data/financial_disclosures/PTR/2014/8213832.pdf"	3
"/home/blannon/og_data/financial_disclosures/PTR/2014/8213786.pdf"	1
"/home/blannon/og_data/financial_disclosures/PTR/2014/8213830.pdf"	1
"/home/blannon/og_data/financial_disclosures/PTR/2014/20000087.pdf"	1
"/home/blannon/og_data/financial_disclosures/PTR/2014/8213818.pdf"	3
"/home/blannon/og_data/financial_disclosures/PTR/2014/8213779.pdf"	1
"/home/blannon/og_data/financial_disclosures/PTR/2014/20000082.pdf"	1
"/home/blannon/og_data/financial_disclosures/PTR/2014/8213831.pdf"	4
"/home/blannon/og_data/financial_disclosures/PTR/2014/8213783.pdf"	1
"/home/blannon/og_data/financial_disclosures/PTR/2014/8213812.pdf"	1
"/home/blannon/og_data/financial_disclosures/PTR/2014/20000077.pdf"	1
"/home/blannon/og_data/financial_disclosures/PTR/2014/20000022.pdf"	1
"/home/blannon/og_data/financial_disclosures/PTR/2014/8213820.pdf"	1
"/home/blannon/og_data/financial_disclosures/PTR/2014/20000083.pdf"	1
"/home/blannon/og_data/financial_disclosures/PTR/2014/20000085.pdf"	1
"/home/blannon/og_data/financial_disclosures/PTR/2014/8213809.pdf"	1
"/home/blannon/og_data/financial_disclosures/PTR/2014/8213828.pdf"	4
"/home/blannon/og_data/financial_disclosures/PTR/2014/20000070.pdf"	4
"/home/blannon/og_data/financial_disclosures/PTR/2014/8213807.pdf"	2
"/home/blannon/og_data/financial_disclosures/PTR/2014/8213821.pdf"	2
"/home/blannon/og_data/financial_disclosures/PTR/2014/8213746.pdf"	1
"/home/blannon/og_data/financial_disclosures/PTR/2014/8213825.pdf"	2
"/home/blannon/og_data/financial_disclosures/PTR/2014/20000034.pdf"	1
"/home/blannon/og_data/financial_disclosures/PTR/2014/8213806.pdf"	2
"/home/blannon/og_data/financial_disclosures/PTR/2014/8213797.pdf"	1
"/home/blannon/og_data/financial_disclosures/PTR/2014/20000029.pdf"	2
"/home/blannon/og_data/financial_disclosures/PTR/2014/8213835.pdf"	2
"/home/blannon/og_data/financial_disclosures/PTR/2014/8213744.pdf"	1
"/home/blannon/og_data/financial_disclosures/PTR/2014/8213815.pdf"	1
"/home/blannon/og_data/financial_disclosures/PTR/2014/8213819.pdf"	1
"/home/blannon/og_data/financial_disclosures/PTR/2014/20000032.pdf"	1
"/home/blannon/og_data/financial_disclosures/PTR/2014/8213829.pdf"	2
"/home/blannon/og_data/financial_disclosures/PTR/2014/8213817.pdf"	3
"/home/blannon/og_data/financial_disclosures/PTR/2014/20000036.pdf"	5
